rank,ticker,market_cap,close
1,NVDA,5490544860000.0,227.38
2,AAPL,4947135136400.0,338.98
3,GOOGL,4341259966960.0703,354.97
4,GOOG,4291117234152.97,350.87
5,MSFT,3724727873740.5103,501.61
6,AMZN,2787722742683.4,258.45
7,TSM,2308707042146.82,445.14
8,SPCX,2001653284648.25,151.85
9,META,1888326251750.125,741.245
10,AVGO,1731204606840.9001,362.66
11,TSLA,1482265136968.2,375.3
12,SKHY,1340631947142.6,188.86
13,MU,1179041273917.96,1043.96
14,BRK.B,1074657723685.94,502.01
15,LLY,1038780646435.3401,1164.89
16,AMD,1004821037851.84,615.52
17,JPM,935787868087.8,352.04
18,WMT,852401696133.04,107.44
19,SPY,709904389376.0,773.5
20,ASMLF,661781254000.0,1722.94
21,ASML,657318012000.0,1711.32
22,JNJ,649395374933.5901,269.47
23,INTC,643741898806.36,121.78
24,MA,497267042441.0,567.65
25,ABBV,467367179536.80005,264.48
26,PLTR,439975977103.2,183.09
27,CSCO,439440732864.57996,111.46
28,ORCL,427922771760.0,148.56
29,BAC,405299695235.4,57.96
30,CVX,399519738815.57996,203.67
31,COST,398456835817.92,898.48
32,LRCX,378249311879.99994,302.28
33,CAT,375324546868.5,816.5
34,MRK,368842159881.0,149.5
35,AMAT,368419676938.32,464.24
36,DELL,365789433202.49994,575.31
37,ARM,344856737930.1,322.9
38,QH,340670531592.45,3.87
39,UNH,338895910433.32,377.56
40,NFLX,305466614631.36,73.36
41,PANW,304099680000.0,371.76
42,HD,296513356847.2,297.2
43,BABAF,291613362482.47,14.665
44,QQQ,291471857000.0,741.47
45,ACGBY,290485918116.25,20.75
46,BABA,287710933436.25,115.75
47,SHEL,266696901149.69998,93.27
48,WFC,261696902537.44003,86.54
49,AZN,260703910040.19998,168.1
50,ANET,259080767192.15997,205.42
51,SNDK,258669663926.64,1766.64
52,CRWD,255318152852.69998,249.35
53,BACHY,248103557105.25,19.25
54,TXN,247371400706.82,270.87
55,TMO,243574722125.36,658.76
56,KLAC,240365411668.51,183.97
57,MRVL,231308593293.94,257.38
58,C,226537837544.15002,135.05
59,BHP,218795746407.09,86.09
60,BHPLF,218567013486.0,43.0
61,IBM,218509229072.7,231.93
62,AMGN,212554879085.80002,393.16
63,AXP,211770410530.46997,313.59
64,LIN,210898424572.5,457.5
65,QCOM,207449388390.00998,194.23
66,BCDRF,206539990407.30002,14.23
67,STX,199497576007.55002,877.325
68,APH,199052849298.08,80.72
69,VZ,198099681631.36,47.68
70,CRM,194573660000.0,236.42
71,ALIZY,193322211819.0,50.97
72,ALIZF,189658306450.80002,500.04
73,GILD,186687648136.8,150.56
74,ADI,185588573095.0,383.0
75,SCHW,184831401112.32,106.88
76,ABBNY,181724107287.66,100.33
77,ABLZF,180601123668.41998,99.71
78,DIS,179972575795.46002,104.23
79,ABT,178194871822.08002,102.98
80,SHOP,177453930963.52,137.92
81,TMUS,177280437480.51,165.27
82,PEP,176876297001.22,129.59
83,NVO,175873219935.19998,39.8
84,MCD,175410182704.28,247.88
85,WELL,167720341280.36,232.76
86,SCCO,167230710449.16,198.06
87,NEE,166106444782.66998,79.63
88,WDC,161583634872.48,448.17
89,UNP,160180576525.74,269.63
90,BBVA,159534206136.27,28.91
91,BA,158982929523.0,201.15
92,PFE,158108945358.86,27.74
93,BBVXF,156554321275.89,28.37
94,ATEYY,155580860509.5,215.5
95,DHR,151732509895.36002,215.84
96,ADTTF,148036452192.45,205.05
97,UBER,144694958971.64,70.84
98,TJX,144672094248.16,130.96
99,ISRG,143902373962.69998,401.65
100,NOW,142342120160.0,137.68
101,GLW,136665221418.49998,158.98
102,BKNG,130582514034.72,168.52
103,VRTX,129447563105.28001,510.72
104,PLD,129074278585.04,135.82
105,FTNT,128568643415.18999,175.23
106,BMY,127914791758.72,62.62
107,NET,125222553374.05,351.67
108,LMT,123565369156.2,535.4
109,PGR,123332664000.0,212.24
110,AIQUY,121267109349.37502,38.005
111,AIQUF,120356130275.0625,188.5975
112,SNOW,119736792000.0,339.39
113,SPGI,119237756000.00002,404.47
114,MPC,117469463191.3,402.38
115,MDT,117360901407.5,91.75
116,BNS,116215440500.0,95.35
117,ACN,113888545905.99,186.11
118,ASX,113697999999.99998,43.73
119,VLO,113233232587.47,393.27
120,CVS,112037804324.4,87.6
121,APP,110917151648.57,330.17
122,HOOD,110856844260.9,123.3
123,SBUX,108186000000.0,94.9
124,AXAHY,107388711620.16,51.36
125,ADP,107237103225.78,269.94
126,ENB,105274036399.8,48.2
127,SYK,105171893482.74,274.19
128,PSX,104443724763.0,261.75
129,EQIX,104321626740.36,1057.26
130,GLD,103698314000.0,398.38
131,FCX,103623024459.68,72.16
132,AAGIY,102181392655.81,39.67
133,ITOCF,101353733947.0,14.5
134,ATLKY,100548373616.28,20.61
135,AEM,99996933342.72,197.48
136,ADBE,99184200000.0,249.52
137,CME,99074874334.38998,275.53
138,ABNB,98366475184.88,166.84
139,AAIGF,98147713278.472,9.526
140,USB,94168629396.23999,60.44
141,PNC,93053610327.75,233.25
142,CEG,92867507109.69,262.11
143,MELI,92292007136.94,1820.47
144,HWM,90675474090.63,227.37
145,KKR,90508597648.83,100.83
146,MAR,89354176246.08,342.66
147,DDOG,87991334631.2,245.05
148,JCI,87941546614.6,145.18
149,WMB,87639949368.8,71.65
150,ICE,87223861445.19,155.37
151,ATLCY,87180952766.76001,17.87
152,BCLYF,86531753934.54,6.46
153,MNST,86198277616.0,44.0
154,LITE,85617753000.0,954.49
155,CSX,85195321432.83,45.99
156,MMM,85078727132.49,164.97
157,BCS,84723427801.1,25.3
158,DASH,83986139128.71,193.83
159,EPD,83075086691.43,38.47
160,MRSH,82423930208.96,172.72
161,ANZGY,82201128063.6,27.3
162,REGN,82175582771.95999,798.17
163,HPE,81970950103.25,61.75
164,BAESF,81830480855.5,27.95
165,CMCSA,81370236618.89,22.93
166,AMT,81356624380.8,174.6
167,INTU,81271812320.0,304.12
168,CDNS,81213395700.0,294.9
169,MCO,80913619344.48001,467.22
170,BE,80373567449.94,272.89
171,BAESY,80271456543.41,109.67
172,IWM,80262254430.72,285.58
173,ARZGY,79209971347.5,26.25
174,CTAS,78785383169.68,196.88
175,SHW,78000621497.81,321.31
176,WBD,77219810421.6,30.8
177,SNPS,77009186195.1,401.85
178,SLB,76819253636.56,51.76
179,MDLZ,76795455789.69,60.17
180,MSI,76352214031.68001,461.36
181,ITW,76189696000.0,267.52
182,ECL,75683116237.94,269.98
183,APO,75536375467.69,127.91
184,EOG,74157934902.88,141.38
185,MFC,73969335755.52,44.58
186,ROST,73873531687.5,231.25
187,BAM,73824970477.26,46.22
188,RACE,73094253186.24,416.13
189,CNI,71081799000.0,117.51
190,BHKLY,70768904670.31,133.87
191,KMI,70634162263.08,31.72
192,B,70262805847.11,42.69
193,FDX,70004747968.65001,295.79
194,DLR,69128192801.91,186.33
195,HLT,69112932562.8,307.08
196,MRNA,69043854643.66,172.94
197,NU,67919482545.54,14.06
198,AMX,67149297000.0,22.45
199,WPM,67061260874.88,147.66
200,ORLY,67046670440.96,82.88
201,MSTR,66941959710.0,168.5
202,RCL,66929884021.0,250.25
203,SPG,66323229384.7,204.98
204,RSG,65508142383.54,213.93
205,HON,65441773264.799995,206.48
206,AEP,65344014160.56,120.03
207,URI,64104784270.880005,1029.92
208,BSX,63360314876.72,43.72
209,NBIS,63287894750.4,232.8
210,TRP,63006061870.079994,60.48
211,COHR,62963983733.92,321.52
212,SE,62871536183.3,102.65
213,MPWR,62789028240.0,1277.68
214,APD,62231698213.799995,279.46
215,TRGP,62047760236.560005,289.36
216,ARGX,61822773282.600006,988.2
217,AON,61690318715.88,290.82
218,ALL,61409081737.0,242.86
219,TDG,61337595966.25001,1109.65
220,CSLLY,61252428733.36,31.91
221,AJG,60652844010.0,236.61
222,PCAR,60389851057.69,114.73
223,VALE,60219043719.05,14.15
224,GWW,60185112678.18,1277.79
225,MPLX,59908884051.590004,59.09
226,TFC,59859683212.0,49.0
227,AAUKF,59858674159.155,55.865
228,TER,59650249755.0,381.54
229,ALAB,59113314336.96,340.74
230,NXPI,58605475679.34,232.41
231,KEYS,58228810132.35,342.03
232,CVE,58222814650.0,31.57
233,OKE,57867935430.6,91.8
234,AFL,57744721063.64001,115.18
235,FIX,57457909582.11,1632.59
236,BKR,57406341525.93,57.83
237,OXY,57229239489.75,57.25
238,FAST,56973254499.45,49.65
239,PSA,55433470357.65,296.67
240,AME,55304689890.119995,241.23
241,BAYRY,55172936445.119995,14.04
242,NUE,54994663862.4,242.4
243,GRMN,54058494366.16,280.31
244,HONA,53574519106.75,169.03
245,NKE,53554303178.3,36.1
246,NTRA,53425595168.799995,370.64
247,COIN,53044413369.15,201.05
248,FANG,52999346031.840004,189.27
249,NDAQ,52929567354.68,94.69
250,EA,52925639106.77475,209.6999969482422
251,CTVA,52781875560.0,79.11
252,F,52516634934.39,13.17
253,CAH,52503970596.0,225.75
254,DVN,52349000000.0,47.59
255,AMKBF,52298980917.855,3628.145
256,ANCTF,52057659556.39,56.71
257,AMKBY,52008594792.0,18.04
258,CIEN,51896247809.0,365.96
259,AU,51553060264.08,101.93
260,BASFY,50828829153.12,14.76
261,FNV,50466435090.4,261.68
262,ANFGF,49539298923.75,50.25
263,TEAM,49531671931.049995,195.67
264,CBRS,49529726908.090004,208.49
265,XLF,49384575052.799995,55.9
266,BDX,49220294760.0,180.7
267,CVNA,48363984759.700005,67.18
268,FITB,48346442586.840004,53.31
269,EBAY,48193500000.0,108.3
270,AMP,47321872082.68,535.72
271,VST,47250722752.1,140.78
272,CRWV,47117771908.86,85.43
273,BSQKZ,46892051583.480835,78.05000305175781
274,ASMIY,46444037977.26,951.39
275,WDAY,46252720000.0,191.92
276,STM,46050248216.04,51.63
277,LHX,45981975128.880005,246.93
278,ABEV,45941129841.52,2.98
279,ASMXF,45910467795.64,940.46
280,AZO,45764051403.75,2803.25
281,ADSK,45739650000.0,218.85
282,A,45655558616.76,161.94
283,SLF,45282726981.44,81.44
284,FJTSF,45137294664.074,26.099
285,PYPL,45014351189.88,52.62
286,XEL,44879974886.1,71.85
287,ANNSF,44725959811.0,29.3
288,RKLB,44680798049.48,69.89
289,IQV,44422248000.0,269.88
290,ANYYY,44400000000.0,14.8
291,CCEP,44322240124.71,100.53
292,EXC,43250061534.659996,41.98
293,VEEV,42308401593.5,261.31
294,IBKR,42231416318.909996,93.21
295,CMG,41935952520.0,33.14
296,FERG,41812870252.38,216.14
297,KDP,41668493283.56,30.62
298,CBRE,41470078426.58,143.21
299,TRI,41342621478.54,95.43
300,RVMD,41315487933.68,192.76
301,FLEX,41229066374.58,111.61
302,AAVMY,41072759935.2,50.4
303,PAYX,40941314199.73,115.01
304,PRU,40892850000.0,118.53
305,TWLO,40860223033.2,266.06
306,BAMXF,40703134680.0,68.0
307,MCHP,40606189912.98,74.78
308,CCJ,40604739632.17,93.23
309,IDXX,40595909074.799995,515.3
310,FER,40320488072.25,55.95
311,ADM,40185535221.259995,83.38
312,ASAZY,40010163550.68,18.01
313,ABMRF,39931849937.0,49.0
314,LYV,39412089055.9,169.18
315,TTWO,39250934594.56,209.92
316,WCN,39131595904.200005,155.55
317,AIG,38976456817.26,74.54
318,NTAP,38920425840.75,198.15
319,PCG,38850627763.64,12.94
320,YUM,38023308173.05,139.33
321,SYY,37575500534.880005,78.43
322,GFI,37556634494.6,41.99
323,BBD,37208906338.56,3.52
324,UAL,37127531185.92,114.39
325,JD,36841640000.0,27.28
326,AXON,36724185824.9,452.06
327,RBLX,36611766976.25,51.25
328,ODFL,36362057233.920006,175.36
329,ROP,36138379359.6,365.4
330,ILMN,36061820000.0,238.82
331,MLM,35486254603.94,499.67
332,CRDO,35197755683.86,187.27
333,ESLT,35178228222.48,750.69
334,RKT,34999100323.56,12.36
335,BKHYY,34841694596.94,133.485
336,IRM,34798481694.68,116.89
337,BBDO,34249106970.72,3.24
338,AVIFY,34001423381.295002,10.095
339,KVUE,33940067161.890003,17.67
340,ZS,33773519596.739998,207.13
341,HSY,33735417810.3,167.9
342,EXPE,33728604078.539997,281.02
343,WEC,33718894152.84,103.48
344,DXCM,33649259415.05,89.17
345,FINMF,33487653636.4887,58.04901
346,ERIC,33473251354.75,10.25
347,OKTA,33448488154.24,191.33
348,KGC,32965631526.309998,27.79
349,STLD,32964026959.120003,229.99
350,MTB,32776714823.52,226.96
351,MDB,32759923867.100002,407.3
352,TECK,32752456000.000004,66.76
353,NTRS,32739914104.35,178.95
354,ALNY,32692243709.76,244.32
355,ACGL,32682925688.28,95.78
356,KMB,32506275174.12,97.74
357,HBAN,32407453809.039997,16.04
358,BIIB,32368468341.86,219.07
359,ADYEY,32324277248.0,10.24
360,RMD,32256258144.660004,223.61
361,ADRNY,32154441563.199997,36.8
362,CQP,31952649041.04,66.01
363,VMC,31902285541.8,246.2
364,JBL,31820695316.63,303.67
365,ADYYF,31787328072.23,1006.99
366,RJF,31776231040.09,165.19
367,BIDU,31443478600.749996,92.21
368,ALC,31358158000.000004,64.87
369,EQT,31357117080.0,50.13
370,BAP,30971151050.49,389.97
371,RDDT,30539098032.3,158.73
372,AJNMY,30078536311.670002,31.57
373,SUNB,29851372746.449997,72.85
374,HPQ,29714012428.550003,32.95
375,BRDCF,29577836723.64,23.96
376,ZTS,29475239530.66,71.33
377,GEHC,29273785992.120003,64.81
378,EXR,29041113442.68,137.46
379,AVVIY,29013152660.199997,19.4
380,KHC,28898524982.460003,24.37
381,ADDYY,28857364974.36,82.42
382,ARES,28810794205.510002,126.67
383,MTD,28661095455.960003,1430.44
384,ACSAY,28495967668.0,21.85
385,WTW,28494967710.34,306.82
386,CFG,28370468439.68,67.36
387,CBOE,28345711487.170002,271.43
388,AIBGY,28322702500.0,27.05
389,TDY,28234313310.84,609.08
390,AEE,28190948249.329998,101.83
391,ROIV,28163374354.850002,38.99
392,MDLN,28040144927.280003,31.96
393,FTI,27965242508.280003,71.31
394,ON,27921930924.36,71.72
395,VRSN,27859472000.0,308.18
396,ALPMY,27271739091.870003,15.21
397,FOXA,27240144070.04,64.79
398,SMCI,27066973820.800003,41.2
399,DGX,27028228396.8,244.88
400,PBA,26972769650.0,46.39
401,CPRT,26765209944.62,28.91
402,CTSH,26747377130.420002,59.38
403,ATO,26745818283.31,158.27
404,AMADY,26669153926.0,63.5
405,GFS,26652840052.74,48.57
406,AMADF,26634830514.9039,63.418275
407,AWK,26623722656.329998,133.97
408,ZM,26523139329.9,90.9
409,VICI,26480915366.100002,24.05
410,TSEM,26428964536.8,233.82
411,INSM,26424161863.0,121.0
412,CPNG,26279621083.239998,14.62
413,DTE,26246148142.969997,126.13
414,LPLA,26162913275.399998,332.26
415,CPAY,26081305914.780003,397.22
416,LVS,26076449667.84,40.26
417,LH,26032289000.0,320.99
418,RPRX,26022007983.36,58.44
419,BDORY,25804107605.28,4.52
420,ATI,25757989648.28,189.16
421,CINF,25607811808.25,166.85
422,WRB,25536741719.910004,68.79
423,ANPDY,25488596090.0,230.0
424,FFIV,25487894618.2,450.1
425,AIPUY,25428546000.0,17.8
426,OTIS,25367804750.96,66.64
427,QSR,25305885196.4,72.56
428,INCY,25266274038.9,124.65
429,DOV,25062643070.25,186.09
430,XYL,25039125718.879997,107.24
431,CNP,25024783741.120003,37.99
432,EXPD,24977698017.3,192.15
433,PFG,24936767537.27,116.47
434,PPL,24871606995.05,33.05
435,AXICY,24805446273.61,10.81
436,AXIAY,24782499514.800003,10.8
437,FISV,24711199524.87,46.47
438,SYF,24402813000.0,75.0
439,FOX,24343329860.399998,57.9
440,FWONK,24175819208.550003,96.43
441,HUBB,24170372906.79,457.49
442,DRI,23992508460.36,211.31
443,CRCL,23988731995.69,94.49
444,ULTA,23982017034.46,557.86
445,AFRM,23973780238.8,71.05
446,FCNCA,23960951497.6,2121.73
447,ALFVY,23439735323.65,56.71
448,AKRBF,23422201292.385,37.135
449,RBRK,23417108751.68,112.96
450,GH,23332688077.9,173.87
451,PPG,23325939000.0,104.93
452,XLI,23223687480.0,169.98
453,VLTO,23204250481.920002,95.18
454,AONNY,23128983628.96,8.36
455,ROKU,22919645990.890003,154.33
456,PHM,22662161416.41,118.97
457,GPN,22569302483.100002,85.29
458,TPR,22545217031.46,113.07
459,ANGPY,22499093425.8,14.2
460,AER,22477321295.0,143.0
461,VRSK,22389437184.24,172.02
462,SNX,22355667471.679996,279.59
463,TROW,22319237385.5,104.63
464,IOT,22282278202.449997,38.05
465,KEY,22270972921.98,20.87
466,RIVN,22239139276.8,15.36
467,JBHT,22176363000.0,236.17
468,FWONA,22099952952.75,88.15
469,ARXS,22062616564.14,51.21
470,TW,22035962103.3,104.45
471,SOFI,21917948398.28,16.97
472,BDRAF,21900974880.0,222.0
473,BDRBF,21896042228.0,221.95
474,HSAI,21836481640.56,17.37
475,ENTG,21800221999.999996,143.14
476,NRG,21710538684.24,103.28
477,CNH,21677979869.12,13.48
478,BG,21634534441.03,112.61
479,CASY,21634264151.780003,585.34
480,FSLR,21476762433.920002,199.84
481,GMAB,21330969112.6,34.69
482,IFF,21330536906.8,83.6
483,MTSI,21315890551.41,279.11
484,PKG,21233015634.69,238.31
485,RGLD,21191284314.27,250.11
486,UTHR,21149400225.2,493.1
487,EIX,21145528146.05,54.95
488,AMRZ,21105860601.960003,38.59
489,DLTR,21076511486.67,112.33
490,BCH,21021654597.719997,41.62
491,BCE,20506242715.829998,21.99
492,LUV,20434226555.77,41.77
493,USFD,20382680721.06,94.22
494,EXE,20291307105.850002,87.65
495,CMS,20288440699.2,64.7
496,STZ,20218458801.26,118.39
497,PAAS,20212627500.0,48.75
498,CDE,20065291160.96,19.52
499,FICO,19967445510.2,924.52
500,ASCCF,19849505284.0,28.0
501,EVMNY,19813718447.489998,96.91
502,FTAI,19795764719.34,192.74
503,VTRS,19640903774.4,17.1
504,RS,19638134580.75,384.65
505,BBY,19550816007.56,93.22
506,AMCR,19487870833.5,42.15
507,LYB,19459806228.48,60.24
508,DINO,19429996857.210003,109.29
509,WWD,19199338831.2,325.16
510,SITM,19194943699.52,638.32
511,CAHPF,19116527511.95,9.35
512,U,19016242794.93,43.21
513,SOJC,18980010956.16,18.99
514,NTNX,18933248450.36,70.04
515,GIS,18898614302.359997,35.41
516,SSNC,18866261678.4,80.4
517,ALMMF,18840729538.05,1.05
518,LEN,18809092687.36,78.08
519,SBAC,18701212030.8,176.28
520,BDRFY,18656112042.149998,17.11
521,EFX,18635454203.52,158.62
522,ASTS,18553960086.45,61.89
523,AGESY,18489447783.98,88.37
524,ASCCY,18488396350.239998,26.08
525,LEN.B,18479066342.82,76.71
526,ITT,18478255000.32,205.68
527,CDW,18303801340.66,146.41
528,TSN,18300714654.24,52.02
529,EVRG,18274754052.72,79.26
530,BEKE,18252486830.670002,16.57
531,STLA,18120827814.699997,4.81
532,ZBH,17990378826.48,94.32
533,MTZ,17899972909.2,222.9
534,CHRW,17859546272.72,152.84
535,PAA,17632105835.399998,24.99
536,BOLSY,17631504869.219997,10.62
537,NWS,17625123424.739998,32.86
538,BKNIY,17516044506.52,19.46
539,NDSN,17509095702.100002,314.35
540,EWBC,17506004841.12,127.77
541,GEN,17448811982.8,29.15
542,ESS,17439993347.21,271.39
543,MEDP,17422455051.0,624.2
544,MKSI,17372303001.36,256.92
545,ARNNY,17331247094.35,42.995
546,WCC,17315270354.74,355.31
547,TOST,17224400000.0,29.8
548,BESIY,17220146790.399998,217.6
549,XLP,17217290240.0,81.92
550,DOCN,17185427028.0,146.16
551,ASBFY,17175100687.29,24.57
552,BEN,17091707252.4,33.64
553,BMNR,17041145630.5,28.25
554,J,16975307165.039999,143.76
555,IREN,16878994773.019999,47.23
556,AKAM,16873767062.689999,117.41
557,ONTO,16869162692.320002,275.98
558,MGA,16856425496.46,63.01
559,LNT,16845726894.029999,64.97
560,TSCO,16845227629.21,32.33
561,LSCC,16651629089.279999,117.24
562,OVV,16645788000.0,60.18
563,FTV,16638119394.68,55.09
564,ZBRA,16598471954.4,350.84
565,SMTC,16553166283.62,177.37
566,NVR,16492685297.0,6188.95
567,BIP,16485925036.24,35.83
568,CLH,16439532644.640001,311.43
569,IONQ,16412045424.56,40.51
570,IEX,16404888456.88,222.53
571,AARTY,16242618415.0,44.75
572,APG,16188724725.62,37.46
573,AAFRF,16151877507.75,4.45
574,LDOS,16091865960.069998,128.23
575,NLY,16061654759.019999,21.31
576,RVTY,16022691319.59,143.59
577,RGA,16007397141.449999,245.13
578,BESVF,16001441548.8,202.2
579,INVH,15994076960.08,27.08
580,AS,15971014558.8,27.45
581,TIGO,15950898100.0,95.11
582,BAWAY,15930995236.300001,51.725
583,NWSA,15930193722.3,29.7
584,BURL,15848847470.800001,251.8
585,BALL,15805437446.47,59.71
586,STRL,15680897867.52,512.64
587,JAZZ,15674273762.42,241.46
588,JLL,15645839559.21,340.07
589,AMIGY,15644531465.1,52.34
590,ASND,15629470878.300001,237.59
591,ROL,15565053819.400002,32.35
592,BDNNY,15519967814.06,109.31
593,CRBG,15512883765.599998,34.8
594,APA,15348899653.1,43.81
595,HST,15285125341.689999,22.31
596,INIO,15225000000.0,20.3
597,BBSEY,15180563614.08,7.82
598,WPC,15081477389.800001,66.2
599,LOGI,15051957459.84,105.12
600,ARMK,14851617294.72,56.48
601,LAMR,14834377838.720001,146.08
602,UNM,14811184020.880001,93.56
603,AGI,14739063212.65,35.21
604,CHTR,14712878761.55,123.35
605,EQH,14693892945.689999,53.87
606,PTC,14678726988.08,135.28
607,NBIX,14633416096.76,143.96
608,PNFP,14580858633.599998,96.49
609,CG,14559758126.28,40.86
610,PFGC,14515065936.189999,92.41
611,WMG,14484909503.61,27.69
612,FN,14390206336.48,401.57
613,TLN,14372840272.230001,299.97
614,DOC,14287004827.199999,20.72
615,EQX,14196311435.52,12.16
616,EXEL,14178068416.24,57.22
617,YUMC,14087685534.779999,41.47
618,LECO,14079927148.24,258.32
619,TEM,14079324010.68,78.03
620,SUN,14021758642.58,74.42
621,OHI,14007368130.0,46.83
622,CACI,13986171953.39,632.87
623,TKO,13972993049.76,191.12
624,ARCC,13958364106.800001,19.44
625,IVZ,13854263096.4,31.38
626,MAA,13790369809.02,118.86
627,AHKSY,13782529787.52,20.67
628,CHKP,13707010114.5,134.25
629,EMBJ,13706343259.699999,77.02
630,AIZ,13681426490.46,277.38
631,TU,13671000000.0,8.68
632,TXT,13657481078.97,79.41
633,TYL,13614993014.039999,332.46
634,BWXT,13511493390.6,147.47
635,TRMB,13462190222.25,57.75
636,AEG,13453114863.06,9.09
637,REG,13353150287.24,72.92
638,SWKS,13352954674.679998,88.74
639,ALB,13325131036.44,112.92
640,CRL,13319622676.72,279.01
641,GDDY,13268879948.08,104.77
642,MLI,13255400582.84,59.93
643,MKC,13144152377.28,48.89
644,WSO,13105409511.86,317.69
645,ICLR,13081496135.95,169.55
646,TTMI,13065366113.279999,124.02
647,AUR,13047050794.68,6.51
648,XOP,13024875000.0,184.75
649,BBIO,13015923740.26,66.58
650,FIVE,13000459824.9,236.14
651,AMKR,12966734513.68,52.19
652,WSO.B,12889660537.24,312.46
653,ALLE,12871167928.960001,151.36
654,AVY,12833206084.86,169.33
655,IESC,12818932163.28,321.69
656,DOCU,12815901133.64,68.57
657,SJM,12805963178.039999,119.88
658,DTM,12757012764.8,125.05
659,HUT,12747494180.56,103.42
660,IMPUY,12700594062.75,14.15
661,QXO,12657386649.8,12.2
662,HALO,12649352100.0,111.45
663,SEIC,12647621399.16,105.38
664,COKE,12640559430.6,189.9
665,RPM,12637933430.0,99.01
666,NXT,12616309588.0,83.15
667,ACXIF,12580996180.875,236.465
668,WBS,12568934511.911316,77.56999969482422
669,LII,12567643857.0,363.64
670,TOL,12485918500.0,135.5
671,GGG,12404043380.16,76.59
672,BMRN,12400335001.54,64.06
673,UHAL,12400197930.59,63.43
674,HAS,12372420645.24,87.72
675,ERIE,12337794354.599998,235.95
676,AGNCN,12337622240.0,25.82
677,HL,12326950708.85,18.35
678,CORT,12297273642.720001,113.76
679,ACCYY,12281709421.800001,10.71
680,BF.A,12265441803.45,26.73
681,GWRE,12248064895.22,149.38
682,AKAAF,12238230646.0,166.0
683,MANH,12206145888.199999,209.35
684,ALBKY,12143130252.96,1.315
685,ALLY,12134525753.77,39.89
686,AAVXF,12115332991.0,139.0
687,AGNCM,12113041200.0,25.35
688,GNRC,12093795769.44,204.96
689,MDGL,12059429606.960001,521.96
690,BF.B,11999300529.75,26.15
691,EHC,11992305359.04,121.56
692,MOG.B,11934013190.89,376.81
693,ATGFF,11915492450.97,38.19
694,GRAB,11905688820.0,2.91
695,HMY,11874571132.0,19.0
696,BAX,11854718257.07,22.93
697,HBM,11836457854.0,26.65
698,CCK,11825530361.03,108.73
699,AGNC,11819250026.59,9.97
700,AA,11780917624.8,44.64
701,AIT,11769172619.05,320.39
702,CSGP,11766937955.52,29.04
703,AFG,11711827857.84,141.24
704,WTS,11704764991.0,350.62
705,MOG.A,11699963251.980001,369.42
706,MICC,11683319282.25,19.25
707,BJ,11660109218.52,92.31
708,XLE,11644043040.0,62.46
709,AKESF,11634038312.880001,12.63
710,SAIL,11600924382.56,20.32
711,GLPI,11540798105.810001,39.67
712,NVMI,11539593272.41,362.81
713,IAG,11494230000.0,20.13
714,WTRG,11481463151.839998,40.48
715,CPT,11436693357.96,98.82
716,AHR,11401335932.5,52.3
717,SUZ,11391936678.5,9.25
718,FNF,11387467434.42,42.46
719,NYT,11375331320.58,70.53
720,TECH,11364617707.86,72.47
721,FROG,11343720612.0,92.0
722,FHN,11337487390.94,23.93
723,CHYM,11327266521.12,29.92
724,PNW,11308913904.54,93.31
725,HRL,11260177368.0,20.46
726,BKKLY,11241175808.655,29.445
727,AMH,11240621193.56,31.24
728,SANM,11227038161.32,209.47
729,LULU,11214925532.5,101.3
730,ELAN,11202654146.69,22.43
731,ARW,11153378179.3,219.1
732,FRHC,11107346280.58,174.13
733,PSKY,11091005004.78,9.91
734,BTSG,11052696502.26,55.86
735,EGO,11050533766.84,42.37
736,TWST,10994723684.42,165.83
737,DKS,10993990118.279999,123.63
738,AKZOY,10989552952.25,21.37
739,PINS,10963820202.72,19.36
740,DECK,10925870387.11,80.23
741,DKNG,10907095434.56,21.97
742,EGP,10892860824.69,202.57
743,UDR,10887644483.58,33.89
744,HII,10879609507.800001,276.1
745,UHAL.B,10879252953.449999,55.65
746,TXRH,10866198890.039999,165.54
747,KNX,10842804720.0,66.62
748,AHCHY,10775756611.890001,10.21
749,AXSM,10763734290.82,205.49
750,GSAT,10758943905.6,83.04
751,RTO,10749376788.72,21.36
752,HUBS,10664385745.86,213.86
753,JKHY,10626266868.48,151.56
754,AES,10580294882.9,14.83
755,CART,10547143052.52,45.56
756,ENLT,10541599801.15,75.35
757,AEIS,10522853131.08,262.74
758,VSAT,10521788767.8,76.38
759,RMBS,10516437026.88,96.96
760,MOD,10496133354.960001,197.62
761,AR,10440628440.0,33.96
762,ALGN,10434333461.76,146.88
763,CGNX,10428195965.58,61.99
764,LFUS,10401802846.380001,409.54
765,BPOP,10369108692.58,162.58
766,QRVO,10340457603.93,117.21
767,MOH,10325160000.0,197.8
768,VICR,10323297294.800001,223.9
769,TFII,10314403460.189999,125.49
770,TXG,10306031388.8,79.1
771,XP,10300465712.720001,20.78
772,UHS,10298566631.1,174.74
773,COO,10291204511.279999,54.12
774,CLX,10264623704.4,84.88
775,ATZAF,10246920253.35,89.43
776,BXP,10239095586.279999,64.13
777,APGE,10223142920.803528,135.07000732421875
778,AVTR,10213018484.0,15.1
779,RGEN,10198481070.91,180.71
780,BDWBF,10172369387.1756,0.7689
781,ENSG,10168536259.98,174.47
782,UMBF,10141607505.9,133.53
783,DRS,10128532994.25,37.95
784,FDS,10104170766.300001,284.1
785,BIO,10089115572.75,377.33
786,MTCH,10067783262.16,43.16
787,GTLS,10047719052.4,209.9
788,RRX,10037392112.91,150.73
789,AM,9987140960.0,21.04
790,DDS,9982547328.61,639.11
791,DCI,9976464589.92,86.07
792,GMED,9974317591.060001,74.29
793,WTFC,9922894426.36,147.08
794,MGM,9909118331.55,38.73
795,KRYS,9881571398.6,333.85
796,CFR,9865498130.9,158.74
797,ALSN,9815225596.68,118.86
798,FPS,9813911629.75,37.75
799,NUVL,9808736681.915932,123.95999908447266
800,DPZ,9790208655.9,295.94
801,AIRYY,9787759466.73,9.5525
802,ADRZY,9750880003.0,19.9
803,PODD,9746345585.47,140.53
804,ARWR,9716894784.93,68.79
805,BDOUY,9711518161.8,18.2
806,KYMR,9679250379.960001,117.67
807,ONB,9659892500.0,25.25
808,BSY,9654888732.44,31.96
809,MSGS,9634143594.689999,400.09
810,FRT,9612544783.789999,110.63
811,WMS,9567429792.96,126.88
812,GKOS,9527675343.61,161.53
813,AG,9518022255.73,19.31
814,HSIC,9495245378.4,85.2
815,BDWBY,9492359260.37,2.87
816,FLS,9491511282.6,74.67
817,ZION,9484049007.900002,64.98
818,ESTC,9430367500.929998,89.71
819,AMG,9430083167.78,364.66
820,ELPC,9398817523.68,12.66
821,CYTK,9392422120.08,67.56
822,BRKR,9382286679.28,61.58
823,PTGX,9381407159.3,144.98
824,FCFS,9373513416.0,216.12
825,MUSA,9355229016.06,508.98
826,FORM,9320583699.75,119.31
827,BAH,9307651210.74,77.38
828,OGE,9306486979.349998,45.05
829,SAIA,9259641440.28,348.04
830,SIRI,9249115489.04,27.44
831,QGEN,9246846100.0,44.78
832,AAOI,9226766425.630001,108.67
833,TTEK,9207357630.880001,35.96
834,ARE,9179562075.18,53.34
835,AYI,9174047733.619999,306.46
836,SOLS,9163904717.609999,57.69
837,ADDHY,9134072659.32,16.91
838,ONON,9130745685.960001,27.32
839,KTOS,9121379278.93,48.59
840,SIMO,9121184750.0,269.0
841,SPXC,9075056973.4,181.19
842,RIOT,9073761048.3,24.18
843,VMI,9056874130.699999,469.15
844,LLYVK,9051488890.88,98.38
845,APTV,9046584231.67,43.57
846,ABVX,9016771208.050001,103.45
847,CRNX,9012787340.97313,84.94999694824219
848,AAL,8982932235.07,13.57
849,TLT,8973460000.0,81.8
850,ASMVY,8962693104.699999,64.1125
851,CUBE,8957721685.68,39.72
852,IBRX,8955616506.849998,8.45
853,TOI,8948472503.5,89.5
854,VIAV,8932343773.6,36.2
855,JXN,8931389471.28,131.87
856,BEP,8919317524.72,29.72
857,LTH,8918366344.679998,39.91
858,MP,8905079400.0,50.0
859,CTRE,8903527738.32,37.68
860,OSK,8852245211.619999,143.38
861,TTC,8840612871.42,93.39
862,RRC,8837759257.3,37.82
863,PCVX,8767606979.76,58.92
864,LLYVA,8762592010.24,95.24
865,TGTX,8749427069.48,57.16
866,ALNPY,8738121990.400002,4.07
867,AIAGF,8713032617.1,199.57
868,WULF,8707003413.65,17.45
869,CAI,8664163301.75,30.65
870,WLK,8660772057.96,67.77
871,REXR,8634100161.28,38.72
872,ALV,8623682301.75,117.75
873,BRX,8620043356.44,28.09
874,WYNN,8579784598.119999,83.32
875,YMM,8576332390.799999,8.2
876,LINE,8542342174.800001,37.52
877,COLB,8458777813.2,29.9
878,IDCC,8430822486.9,326.7
879,ADC,8410528942.200001,67.62
880,AGCO,8396804307.1,119.9
881,RHP,8394008163.84,121.68
882,PRAX,8344446813.56,298.87
883,GTLB,8295760850.0,49.79
884,CHWY,8243527876.990001,20.51
885,KMX,8210976014.559999,57.86
886,AVAV,8177050951.8,160.9
887,SNEX,8162578921.280001,67.48
888,KNSL,8159004050.75,358.19
889,ESI,8144150345.88,33.42
890,SYRE,8114631316.86,92.03
891,CBSH,8111089665.9,56.55
892,VNOM,8110578644.28,41.72
893,ACM,8098866025.25,62.93
894,BOKF,8090196838.044999,133.135
895,APLD,8014524460.280001,28.19
896,AUOTY,7999924908.2,10.6
897,PCTY,7995957719.999999,144.42
898,UGI,7985647621.409999,37.23
899,LNC,7979524964.48,41.68
900,TKR,7958048990.76,114.84
901,MHK,7943652264.15,117.27
902,CNM,7942137110.0,43.06
903,FIGR,7918295102.88,35.29
904,VFS,7907631713.8,3.38
905,ASXFY,7906282490.54,40.46
906,PCOR,7854571421.219999,51.69
907,ATR,7845911318.6,123.4
908,CIFR,7844080645.799999,18.9
909,AVT,7836328034.92,95.48
910,DBX,7830108710.19,36.01
911,SFD,7820221179.66,19.86
912,HQY,7818249777.92,94.52
913,MXL,7797800562.18,85.98
914,COMP,7776240101.900001,10.13
915,AKBTY,7774000000.000001,2.99
916,THG,7772221529.41,223.21
917,TPG,7755582776.92,46.52
918,ASGLY,7753376209.0,7.3
919,AOS,7741352318.08,56.96
920,IMVT,7679628716.76,37.18
921,ALSMY,7679425998.4,1.66
922,ZWS,7662921281.400001,46.2
923,MOS,7651748199.22,24.07
924,LEVI,7627738138.84,19.82
925,CHRD,7626524292.96,139.43
926,HNGE,7621587685.650001,94.45
927,CBC,7618658280.73,31.81
928,NFG,7603607920.0,80.0
929,SARO,7571436581.28,22.88
930,MORN,7557859149.37,201.47
931,ACGLO,7522871279.360001,18.67
932,NTSK,7518014563.2,18.4
933,OKLO,7474189177.0,40.18
934,AUGO,7474054553.450001,89.15
935,SSRM,7465119912.32,36.61
936,GAP,7464490411.25,21.25
937,IONS,7461676057.8,44.9
938,EMN,7441519891.070001,65.09
939,APPF,7431901601.28,209.84
940,PRMB,7412607078.400001,20.48
941,ALKS,7411781356.96,44.18
942,VLY,7404910028.400001,13.4
943,SLAB,7369716502.07,220.87
944,ASR,7359959149.83,245.07
945,SOBO,7321443257.700001,35.1
946,FLR,7320986007.58,54.74
947,CWAN,7303533647.984533,24.559999465942383
948,TRNO,7233449177.799999,66.38
949,AXS,7222665430.92,97.97
950,ACA,7180397611.98,146.22
951,KEX,7161264000.0,135.63
952,CAG,7133804848.059999,14.86
953,SSD,7123137731.6,173.8
954,GGRP,7117210336.0,328.0
955,CELH,7090042016.94,28.02
956,PATH,7082502008.309999,13.59
957,BTG,7080939284.320001,5.36
958,FAF,7071446000.000001,69.26
959,JAN,7056970909.559999,30.11
960,FSS,7025279009.99,115.09
961,AMRX,7021647904.32,20.16
962,PPC,7019439287.52,29.48
963,MATX,7018939661.76,234.72
964,ZG,7000357318.0199995,31.13
965,CAMT,6982959324.51,149.63
966,DUOL,6961943542.139999,149.42
967,OMF,6953106386.36,60.44
968,LAD,6949962123.4,316.15
969,CGON,6936109343.75,78.25
970,Z,6892417340.099999,30.65
971,HIMS,6847748671.55,29.35
972,AWI,6841506272.88,161.88
973,POWL,6833291703.84,187.56
974,AXTA,6818677104.42,31.86
975,RYTM,6804651264.059999,98.83
976,MBLY,6792998908.02,7.99
977,MSM,6792585225.74,121.63
978,DSGX,6791699622.67,79.39
979,BCKIF,6789151677.174999,13.825
980,TFPM,6748659295.559999,32.76
981,ETSY,6744122843.04,73.48
982,PLXS,6725923703.64,252.36
983,QBTS,6719391315.599999,17.7
984,MTDR,6693865543.440001,54.09
985,VNO,6692518158.48,35.58
986,GLBE,6666625748.79,39.69
987,TMHC,6665396812.2,72.45
988,LUMN,6663137309.84,6.46
989,PACS,6659595840.72,42.06
990,XLU,6638720839.999999,40.66
991,VCTR,6628271478.72,107.76
992,ALGM,6617272633.0,35.5
993,ACT,6606090391.549999,48.05
994,BCKIY,6595175914.97,13.43
995,HXL,6574702916.88,86.94
996,NXE,6570959789.8,9.8
997,ARGTF,6561988492.92,28.14
998,LNTH,6548271465.0,100.28
999,NCLH,6538834927.04,14.24
1000,TTD,6521937092.72,13.88
