ticker,gemeinsame_gap_tage,gap_tage_gesamt,gemeinsame_daten
AFGB,2,109,"2026-04-08, 2026-08-27"
BIII,2,29,"2026-04-08, 2026-08-27"
CRACR,2,31,"2026-04-08, 2026-08-27"
CRWD,2,31,"2026-04-08, 2026-08-27"
DMII,2,52,"2026-04-08, 2026-08-27"
ENLT,2,141,"2026-04-08, 2026-08-27"
HIND,2,63,"2026-04-08, 2026-08-27"
INAC,2,77,"2026-04-08, 2026-08-27"
KC,2,89,"2026-04-08, 2026-08-27"
KEN,2,649,"2026-04-08, 2026-08-27"
MDRR,2,249,"2026-04-08, 2026-08-27"
NVDY,2,25,"2026-04-08, 2026-08-27"
OACC,2,72,"2026-04-08, 2026-08-27"
PAHC,2,27,"2026-04-08, 2026-08-27"
PHOE,2,28,"2026-04-08, 2026-08-27"
RYET,2,15,"2026-04-08, 2026-08-27"
VNCE,2,101,"2026-04-08, 2026-08-27"
2577,1,11,2026-04-08
AACIU,1,20,2026-04-08
AACOU,1,17,2026-04-08
AAL,1,84,2026-04-08
AAMI,1,41,2026-04-08
AAON,1,40,2026-04-08
AAPB,1,88,2026-04-08
ABAT,1,11,2026-04-08
ABCB,1,50,2026-04-08
ABCL,1,15,2026-04-08
ABG,1,73,2026-04-08
ABM,1,63,2026-04-08
ABNB,1,25,2026-04-08
ABTC,1,42,2026-04-08
ACAD,1,67,2026-04-08
ACB,1,27,2026-04-08
ACEL,1,104,2026-04-08
ACHR,1,31,2026-04-08
ACIW,1,47,2026-04-08
ACLS,1,64,2026-04-08
ACMR,1,44,2026-04-08
ACNB,1,301,2026-04-08
ADAC,1,24,2026-08-27
ADAM,1,80,2026-04-08
ADAMI,1,54,2026-04-08
ADCT,1,11,2026-04-08
ADEA,1,27,2026-04-08
ADI,1,82,2026-04-08
ADNT,1,44,2026-04-08
ADPT,1,11,2026-04-08
AEAQ,1,29,2026-08-27
AEHR,1,185,2026-04-08
AEI,1,41,2026-04-08
AEIS,1,67,2026-04-08
AEO,1,80,2026-04-08
AEVA,1,62,2026-04-08
AFJK,1,111,2026-04-08
AFRI,1,152,2026-04-08
AFRM,1,31,2026-04-08
AGBK,1,1,2026-04-08
AGCO,1,78,2026-04-08
AGI,1,46,2026-04-08
AGNC,1,41,2026-04-08
AIMD,1,34,2026-04-08
AIOT,1,109,2026-04-08
AIP,1,14,2026-04-08
AIRT,1,502,2026-04-08
AISP,1,145,2026-04-08
AIT,1,72,2026-04-08
AKR,1,46,2026-04-08
ALAB,1,13,2026-04-08
ALDF,1,102,2026-08-27
ALF,1,128,2026-08-27
ALGM,1,17,2026-04-08
ALGN,1,78,2026-04-08
ALGT,1,43,2026-04-08
ALLT,1,90,2026-04-08
ALLY,1,55,2026-04-08
ALNT,1,142,2026-04-08
ALPX,1,12,2026-08-27
ALSN,1,48,2026-04-08
ALTG,1,64,2026-04-08
ALTR,1,23,2026-04-08
ALTS,1,245,2026-04-08
ALUB,1,33,2026-08-27
AMAL,1,24,2026-04-08
AMAT,1,111,2026-04-08
AMBA,1,49,2026-04-08
AMBP,1,41,2026-04-08
AMCI,1,135,2026-04-08
AMCR,1,29,2026-04-08
AMD,1,81,2026-04-08
AMKR,1,67,2026-04-08
AMPG,1,26,2026-04-08
AMRC,1,53,2026-04-08
AMRX,1,22,2026-04-08
AMRZ,1,10,2026-04-08
AMSC,1,56,2026-04-08
AMTB,1,35,2026-04-08
AMTD,1,71,2026-08-27
AMWD,1,60,2026-04-08
AMZN,1,94,2026-04-08
AOMR,1,14,2026-04-08
AOSL,1,40,2026-04-08
APADU,1,27,2026-04-08
APAM,1,36,2026-04-08
APH,1,93,2026-04-08
APLD,1,15,2026-04-08
APLE,1,19,2026-04-08
APLM,1,106,2026-04-08
APOG,1,60,2026-04-08
APP,1,27,2026-04-08
APPS,1,49,2026-04-08
APTV,1,72,2026-04-08
APXTU,1,46,2026-04-08
AQB,1,55,2026-04-08
ARBE,1,73,2026-04-08
ARCB,1,53,2026-04-08
ARCO,1,45,2026-04-08
ARDT,1,8,2026-04-08
ARHS,1,15,2026-04-08
ARLO,1,26,2026-04-08
ARM,1,18,2026-04-08
ARMK,1,45,2026-04-08
ARQQ,1,14,2026-04-08
ARQT,1,17,2026-04-08
ARTC,1,29,2026-04-08
ARW,1,58,2026-04-08
ASA,1,122,2026-04-08
ASH,1,74,2026-04-08
ASMB,1,35,2026-04-08
ASML,1,463,2026-04-08
ASST,1,30,2026-04-08
ASTE,1,59,2026-04-08
ASX,1,170,2026-04-08
ATCH,1,74,2026-04-08
ATEC,1,76,2026-04-08
ATER,1,28,2026-04-08
ATKR,1,39,2026-04-08
ATLO,1,188,2026-04-08
ATMU,1,17,2026-04-08
ATOM,1,35,2026-04-08
ATRC,1,60,2026-04-08
ATRO,1,68,2026-04-08
AUR,1,16,2026-04-08
AUST,1,155,2026-04-08
AVGO,1,67,2026-04-08
AVNS,1,25,2026-04-08
AVNT,1,78,2026-04-08
AVNW,1,100,2026-08-27
AVPT,1,55,2026-04-08
AVT,1,59,2026-04-08
AVTR,1,27,2026-04-08
AVY,1,72,2026-04-08
AWI,1,57,2026-04-08
AXON,1,86,2026-04-08
AXR,1,266,2026-04-08
AXTA,1,62,2026-04-08
AYI,1,91,2026-04-08
AZTA,1,45,2026-04-08
AZZ,1,71,2026-04-08
BA,1,107,2026-04-08
BABA,1,189,2026-04-08
BACCR,1,46,2026-08-27
BACCU,1,48,2026-04-08
BAM,1,8,2026-04-08
BANF,1,42,2026-04-08
BANR,1,59,2026-04-08
BANX,1,169,2026-08-27
BAP,1,61,2026-04-08
BAX,1,55,2026-04-08
BBBY,1,52,2026-04-08
BBCQU,1,30,2026-04-08
BBGI,1,299,2026-04-08
BBW,1,63,2026-04-08
BCAL,1,16,2026-04-08
BCAT,1,21,2026-04-08
BCC,1,47,2026-04-08
BCDA,1,34,2026-04-08
BCML,1,42,2026-04-08
BCO,1,62,2026-04-08
BCPC,1,71,2026-04-08
BCSF,1,16,2026-04-08
BE,1,37,2026-04-08
BEAG,1,63,2026-08-27
BEAM,1,15,2026-04-08
BEEM,1,33,2026-04-08
BELFA,1,807,2026-04-08
BELFB,1,42,2026-04-08
BETA,1,3,2026-04-08
BFC,1,67,2026-04-08
BFH,1,66,2026-04-08
BFLY,1,30,2026-04-08
BFST,1,46,2026-04-08
BHB,1,263,2026-04-08
BHC,1,62,2026-04-08
BHE,1,57,2026-04-08
BHRB,1,20,2026-04-08
BIRK,1,14,2026-04-08
BIXI,1,38,2026-04-08
BIXIU,1,44,2026-04-08
BJRI,1,60,2026-04-08
BKD,1,55,2026-04-08
BKE,1,57,2026-04-08
BKKT,1,39,2026-04-08
BKNG,1,98,2026-04-08
BKU,1,62,2026-04-08
BLBD,1,79,2026-04-08
BLCO,1,10,2026-04-08
BLDP,1,96,2026-04-08
BLDR,1,66,2026-04-08
BLFS,1,64,2026-04-08
BLIV,1,32,2026-04-08
BLZR,1,40,2026-08-27
BLZRU,1,51,2026-04-08
BMHL,1,40,2026-08-27
BMI,1,67,2026-04-08
BMR,1,22,2026-04-08
BMRC,1,98,2026-04-08
BNBX,1,82,2026-04-08
BNS,1,103,2026-04-08
BOBP,1,140,2026-04-08
BOH,1,63,2026-04-08
BOOT,1,47,2026-04-08
BPAC,1,29,2026-08-27
BPACR,1,13,2026-04-08
BRBS,1,79,2026-04-08
BRKR,1,59,2026-04-08
BRSL,1,45,2026-04-08
BSRR,1,81,2026-04-08
BSVN,1,118,2026-04-08
BTBT,1,45,2026-04-08
BTCS,1,44,2026-04-08
BTDR,1,90,2026-04-08
BTGO,1,3,2026-04-08
BTM,1,73,2026-04-08
BTSGU,1,176,2026-04-08
BTX,1,12,2026-04-08
BULL,1,5,2026-04-08
BURL,1,70,2026-04-08
BUSE,1,52,2026-04-08
BVS,1,19,2026-04-08
BWB,1,23,2026-04-08
BWFG,1,118,2026-04-08
BWMN,1,33,2026-04-08
BWMX,1,31,2026-04-08
BWXT,1,57,2026-04-08
BXC,1,83,2026-04-08
BXMT,1,65,2026-04-08
BXP,1,39,2026-04-08
BYD,1,78,2026-04-08
BYFC,1,530,2026-04-08
BYRN,1,17,2026-04-08
BZ,1,46,2026-04-08
BZFD,1,30,2026-04-08
BZH,1,57,2026-04-08
CAAP,1,21,2026-04-08
CAC,1,55,2026-04-08
CAEP,1,10,2026-04-08
CAKE,1,59,2026-04-08
CALX,1,49,2026-04-08
CALY,1,83,2026-04-08
CAMT,1,210,2026-04-08
CAPNU,1,19,2026-04-08
CARL,1,4,2026-04-08
CASS,1,45,2026-04-08
CATY,1,60,2026-04-08
CAVA,1,11,2026-04-08
CBAN,1,526,2026-04-08
CBFV,1,360,2026-04-08
CBRE,1,63,2026-04-08
CBU,1,56,2026-04-08
CCEC,1,71,2026-04-08
CCJ,1,51,2026-04-08
CCK,1,69,2026-04-08
CCXIU,1,37,2026-04-08
CDE,1,63,2026-04-08
CDNA,1,60,2026-04-08
CDNS,1,63,2026-04-08
CDRE,1,17,2026-04-08
CECO,1,66,2026-04-08
CELH,1,33,2026-04-08
CELU,1,95,2026-08-27
CENT,1,50,2026-04-08
CENTA,1,40,2026-04-08
CEPO,1,30,2026-04-08
CERS,1,57,2026-04-08
CEVA,1,63,2026-04-08
CFBK,1,249,2026-04-08
CFFI,1,480,2026-04-08
CFFN,1,33,2026-04-08
CFG,1,57,2026-04-08
CG,1,50,2026-04-08
CGABL,1,16,2026-08-27
CGAU,1,37,2026-04-08
CGCTU,1,43,2026-04-08
CGNX,1,61,2026-04-08
CHEC,1,37,2026-04-08
CHEF,1,39,2026-04-08
CHH,1,63,2026-04-08
CHMG,1,275,2026-04-08
CHPG,1,63,2026-04-08
CHPT,1,64,2026-04-08
CHYM,1,4,2026-04-08
CIFR,1,28,2026-04-08
CIGI,1,63,2026-04-08
CIVB,1,267,2026-04-08
CIX,1,662,2026-04-08
CLAR,1,53,2026-04-08
CLDT,1,38,2026-04-08
CLFD,1,126,2026-04-08
CLH,1,56,2026-04-08
CLMB,1,253,2026-04-08
CLSK,1,29,2026-04-08
CLST,1,192,2026-04-08
CLWT,1,234,2026-04-08
CLX,1,49,2026-04-08
CMCL,1,59,2026-04-08
CMCO,1,52,2026-04-08
CMPR,1,169,2026-04-08
CMRC,1,17,2026-04-08
CMSA,1,123,2026-04-08
CMSC,1,90,2026-04-08
CMSD,1,35,2026-04-08
CNF,1,143,2026-04-08
CNH,1,296,2026-04-08
CNK,1,53,2026-04-08
CNM,1,21,2026-04-08
CNMD,1,52,2026-04-08
CNNE,1,37,2026-04-08
CNOB,1,88,2026-04-08
CNXN,1,48,2026-04-08
COHR,1,70,2026-04-08
COHU,1,57,2026-04-08
COIN,1,29,2026-04-08
COLA,1,58,2026-04-08
COLB,1,47,2026-04-08
COLM,1,57,2026-04-08
COMP,1,18,2026-04-08
COO,1,75,2026-04-08
COPL,1,93,2026-04-08
CPAY,1,59,2026-04-08
CPF,1,73,2026-04-08
CPHC,1,752,2026-04-08
CPNG,1,16,2026-04-08
CPRI,1,66,2026-04-08
CRAC,1,43,2026-04-08
CRAN,1,29,2026-04-08
CRANU,1,20,2026-04-08
CRAQ,1,53,2026-04-08
CRBG,1,13,2026-04-08
CRCT,1,11,2026-04-08
CREX,1,71,2026-04-08
CRL,1,65,2026-04-08
CRM,1,84,2026-08-27
CRML,1,18,2026-04-08
CRNC,1,22,2026-04-08
CROX,1,64,2026-04-08
CRSP,1,25,2026-04-08
CRSR,1,22,2026-04-08
CRWV,1,12,2026-04-08
CSBR,1,124,2026-04-08
CSPI,1,385,2026-04-08
CSTL,1,18,2026-04-08
CSTM,1,47,2026-04-08
CTBI,1,41,2026-04-08
CTGO,1,76,2026-04-08
CTKB,1,9,2026-04-08
CTOS,1,85,2026-04-08
CTRI,1,6,2026-04-08
CUB,1,114,2026-04-08
CUBB,1,283,2026-04-08
CUBI,1,58,2026-04-08
CVCO,1,51,2026-04-08
CVLG,1,65,2026-04-08
CVLT,1,58,2026-04-08
CVM,1,124,2026-04-08
CVNA,1,39,2026-04-08
CWBC,1,289,2026-04-08
CWH,1,26,2026-04-08
CWK,1,24,2026-04-08
CXDO,1,50,2026-04-08
CXT,1,85,2026-04-08
CYCU,1,12,2026-04-08
CYD,1,60,2026-04-08
CYH,1,64,2026-04-08
CYPH,1,45,2026-04-08
CYRX,1,34,2026-04-08
CZFS,1,103,2026-04-08
CZNC,1,124,2026-04-08
CZWI,1,590,2026-04-08
DAAQ,1,53,2026-04-08
DAKT,1,48,2026-04-08
DAN,1,73,2026-04-08
DASH,1,24,2026-04-08
DAVE,1,39,2026-04-08
DCH,1,67,2026-04-08
DCI,1,56,2026-04-08
DCTH,1,45,2026-04-08
DDD,1,48,2026-04-08
DECK,1,71,2026-04-08
DFH,1,19,2026-04-08
DGICB,1,718,2026-04-08
DGII,1,47,2026-04-08
DHR,1,83,2026-04-08
DIOD,1,76,2026-04-08
DIT,1,793,2026-04-08
DJT,1,32,2026-04-08
DKI,1,8,2026-04-08
DKS,1,92,2026-04-08
DLHC,1,321,2026-04-08
DLO,1,17,2026-04-08
DLR,1,50,2026-04-08
DMAAR,1,50,2026-04-08
DMAAU,1,52,2026-04-08
DMIIR,1,27,2026-04-08
DNMX,1,61,2026-04-08
DOO,1,39,2026-04-08
DORM,1,57,2026-04-08
DOV,1,81,2026-04-08
DRH,1,50,2026-04-08
DRTS,1,67,2026-04-08
DSAC,1,30,2026-04-08
DSACU,1,17,2026-04-08
DSS,1,128,2026-04-08
DTB,1,45,2026-04-08
DTG,1,25,2026-04-08
DTSS,1,82,2026-04-08
DTST,1,37,2026-04-08
DTW,1,77,2026-04-08
DUKB,1,47,2026-04-08
DUO,1,67,2026-04-08
DXCM,1,52,2026-04-08
DXPE,1,46,2026-04-08
DXR,1,798,2026-04-08
DXYZ,1,31,2026-04-08
EBC,1,12,2026-04-08
EBS,1,67,2026-04-08
ECG,1,13,2026-04-08
ECL,1,62,2026-04-08
EEFT,1,53,2026-04-08
EFSC,1,55,2026-04-08
EFX,1,53,2026-04-08
EGBN,1,134,2026-04-08
EGHA,1,60,2026-04-08
EGO,1,85,2026-04-08
EH,1,43,2026-04-08
EHLD,1,40,2026-04-08
EICA,1,180,2026-04-08
ELAB,1,33,2026-04-08
ELMD,1,228,2026-04-08
ELPC,1,118,2026-04-08
ELPW,1,127,2026-04-08
ELVA,1,15,2026-04-08
EMET,1,271,2026-04-08
ENJ,1,641,2026-04-08
ENPH,1,41,2026-04-08
ENR,1,41,2026-04-08
ENTG,1,64,2026-04-08
ENVA,1,37,2026-04-08
ENVX,1,21,2026-04-08
EOSE,1,35,2026-04-08
EPAC,1,69,2026-04-08
EQBK,1,35,2026-04-08
EQH,1,35,2026-04-08
EQX,1,29,2026-04-08
ERIC,1,524,2026-04-08
ERII,1,43,2026-04-08
ERO,1,21,2026-04-08
ESAB,1,21,2026-04-08
ESHA,1,153,2026-04-08
ESI,1,37,2026-04-08
ESQ,1,53,2026-04-08
ESTC,1,35,2026-08-27
ETD,1,56,2026-04-08
ETOR,1,2,2026-04-08
EURK,1,109,2026-04-08
EURKR,1,43,2026-08-27
EVEX,1,70,2026-04-08
EVGO,1,35,2026-04-08
EVO,1,161,2026-04-08
EVOX,1,43,2026-04-08
EVTL,1,54,2026-04-08
EWBC,1,66,2026-04-08
EWCZ,1,13,2026-04-08
EXK,1,108,2026-04-08
EXOZ,1,48,2026-04-08
EXPE,1,84,2026-04-08
EXPI,1,13,2026-04-08
EXTR,1,69,2026-04-08
EYE,1,20,2026-04-08
EZGO,1,38,2026-04-08
FAMI,1,73,2026-04-08
FBIN,1,48,2026-04-08
FBIZ,1,298,2026-04-08
FBK,1,50,2026-04-08
FBNC,1,53,2026-04-08
FBP,1,65,2026-04-08
FBRT,1,16,2026-04-08
FCEL,1,86,2026-04-08
FCNCA,1,52,2026-04-08
FCRS,1,19,2026-08-27
FCX,1,150,2026-04-08
FDBC,1,254,2026-04-08
FELE,1,56,2026-04-08
FER,1,49,2026-04-08
FERA,1,64,2026-04-08
FERAR,1,41,2026-04-08
FERG,1,58,2026-04-08
FFBC,1,56,2026-04-08
FFIC,1,51,2026-04-08
FFIN,1,52,2026-04-08
FGII,1,30,2026-08-27
FGNX,1,278,2026-04-08
FHN,1,67,2026-04-08
FIBK,1,39,2026-04-08
FIGR,1,1,2026-04-08
FIGS,1,11,2026-04-08
FISI,1,70,2026-04-08
FISV,1,12,2026-04-08
FITB,1,73,2026-04-08
FLEX,1,73,2026-04-08
FLL,1,178,2026-04-08
FLNC,1,22,2026-04-08
FLS,1,65,2026-04-08
FLXS,1,163,2026-04-08
FLYE,1,14,2026-04-08
FLYW,1,21,2026-04-08
FMAO,1,51,2026-04-08
FMBH,1,126,2026-04-08
FNB,1,67,2026-04-08
FNKO,1,28,2026-08-27
FNWB,1,94,2026-04-08
FNWD,1,130,2026-04-08
FOXF,1,44,2026-04-08
FRBA,1,140,2026-04-08
FRME,1,48,2026-04-08
FRMEP,1,260,2026-08-27
FRSH,1,20,2026-04-08
FRST,1,291,2026-04-08
FSBC,1,23,2026-04-08
FSEA,1,322,2026-04-08
FSHPR,1,70,2026-08-27
FSI,1,178,2026-04-08
FSLR,1,71,2026-04-08
FSS,1,61,2026-04-08
FSTR,1,44,2026-04-08
FTAI,1,28,2026-04-08
FTDR,1,37,2026-04-08
FULT,1,54,2026-04-08
FUNC,1,343,2026-04-08
FVCB,1,31,2026-04-08
FVN,1,83,2026-04-08
FVNNR,1,53,2026-08-27
FVNNU,1,44,2026-08-27
FVR,1,6,2026-04-08
FVRR,1,24,2026-04-08
FWRD,1,62,2026-04-08
GAINI,1,35,2026-04-08
GAME,1,31,2026-04-08
GATX,1,65,2026-04-08
GBCI,1,46,2026-04-08
GBFH,1,2,2026-04-08
GBTG,1,22,2026-04-08
GCBC,1,674,2026-04-08
GCMG,1,86,2026-04-08
GCO,1,67,2026-04-08
GCT,1,11,2026-04-08
GCTS,1,134,2026-04-08
GDEN,1,62,2026-04-08
GDYN,1,70,2026-04-08
GECCG,1,49,2026-04-08
GEHC,1,9,2026-04-08
GENK,1,17,2026-04-08
GFF,1,47,2026-04-08
GFS,1,28,2026-04-08
GGG,1,67,2026-04-08
GH,1,21,2026-04-08
GHM,1,81,2026-04-08
GHRS,1,15,2026-04-08
GIC,1,61,2026-04-08
GIII,1,74,2026-04-08
GIW,1,46,2026-04-08
GIXXU,1,21,2026-04-08
GJR,1,691,2026-08-27
GKOS,1,32,2026-04-08
GLBE,1,17,2026-04-08
GLDD,1,191,2026-04-08
GLMD,1,79,2026-04-08
GLW,1,92,2026-04-08
GLXY,1,6,2026-04-08
GMAB,1,140,2026-04-08
GMED,1,54,2026-04-08
GNE,1,26,2026-04-08
GNLX,1,10,2026-04-08
GNRC,1,73,2026-04-08
GNTX,1,65,2026-04-08
GNW,1,78,2026-04-08
GOOD,1,59,2026-04-08
GOOG,1,61,2026-04-08
GOOGL,1,96,2026-04-08
GORO,1,41,2026-04-08
GPAC,1,33,2026-08-27
GPACU,1,31,2026-08-27
GPGI,1,42,2026-04-08
GPN,1,81,2026-04-08
GPUS,1,258,2026-04-08
GRAB,1,32,2026-04-08
GRAL,1,4,2026-04-08
GRBK,1,99,2026-04-08
GRI,1,30,2026-04-08
GRMN,1,63,2026-04-08
GROY,1,29,2026-04-08
GRRR,1,92,2026-04-08
GSBC,1,68,2026-04-08
GSIW,1,27,2026-04-08
GT,1,61,2026-04-08
GTES,1,37,2026-04-08
GTX,1,25,2026-04-08
GVA,1,43,2026-04-08
GWH,1,35,2026-04-08
GWW,1,61,2026-04-08
GXO,1,20,2026-04-08
HAFC,1,53,2026-04-08
HAO,1,20,2026-04-08
HAS,1,80,2026-04-08
HASI,1,37,2026-04-08
HAYW,1,23,2026-04-08
HBAN,1,60,2026-04-08
HBANZ,1,6,2026-04-08
HBM,1,88,2026-04-08
HBNC,1,207,2026-04-08
HBT,1,35,2026-04-08
HCICU,1,19,2026-04-08
HCKT,1,43,2026-04-08
HCMA,1,37,2026-04-08
HCXY,1,321,2026-04-08
HD,1,84,2026-04-08
HDSN,1,93,2026-04-08
HFBL,1,756,2026-04-08
HFWA,1,103,2026-04-08
HGV,1,38,2026-04-08
HHH,1,51,2026-04-08
HIHO,1,450,2026-04-08
HIPO,1,23,2026-04-08
HIVE,1,24,2026-04-08
HL,1,62,2026-04-08
HLF,1,66,2026-04-08
HLIO,1,54,2026-04-08
HLIT,1,64,2026-04-08
HLLY,1,27,2026-04-08
HLMN,1,29,2026-04-08
HLNE,1,31,2026-04-08
HLP,1,23,2026-04-08
HLT,1,46,2026-04-08
HLXC,1,24,2026-04-08
HNI,1,54,2026-04-08
HNNAZ,1,243,2026-04-08
HNST,1,22,2026-04-08
HOMB,1,57,2026-04-08
HON,1,83,2026-04-08
HOOD,1,27,2026-04-08
HOPE,1,37,2026-04-08
HOVR,1,42,2026-04-08
HRI,1,73,2026-04-08
HROW,1,55,2026-04-08
HRTX,1,23,2026-04-08
HSAI,1,25,2026-04-08
HST,1,45,2026-04-08
HTLD,1,49,2026-04-08
HUBB,1,75,2026-04-08
HUBG,1,66,2026-04-08
HUDI,1,56,2026-04-08
HUT,1,25,2026-04-08
HVII,1,85,2026-04-08
HVMC,1,43,2026-04-08
HVT,1,45,2026-04-08
HWBK,1,637,2026-04-08
HWC,1,63,2026-04-08
HWKN,1,88,2026-04-08
HWM,1,91,2026-04-08
HXL,1,64,2026-04-08
HYMC,1,123,2026-04-08
IART,1,56,2026-04-08
IBCP,1,70,2026-04-08
IBKR,1,18,2026-04-08
IBOC,1,36,2026-04-08
IBP,1,47,2026-04-08
ICFI,1,35,2026-04-08
ICHR,1,45,2026-04-08
ICLR,1,57,2026-04-08
ICUI,1,56,2026-04-08
IDACU,1,13,2026-08-27
IDR,1,51,2026-04-08
IDXX,1,44,2026-04-08
IESC,1,132,2026-04-08
IEX,1,78,2026-04-08
IFF,1,65,2026-04-08
IFS,1,22,2026-04-08
IHRT,1,15,2026-04-08
IHT,1,742,2026-04-08
IIIN,1,50,2026-04-08
IINN,1,48,2026-04-08
ILPT,1,20,2026-04-08
IMSR,1,44,2026-04-08
INBKZ,1,385,2026-04-08
INBX,1,12,2026-04-08
INCR,1,93,2026-04-08
INDB,1,46,2026-04-08
INDI,1,74,2026-04-08
INOD,1,152,2026-04-08
INTR,1,17,2026-04-08
INTT,1,230,2026-04-08
INUV,1,137,2026-04-08
INVZ,1,70,2026-04-08
IONS,1,64,2026-04-08
IPAR,1,59,2026-04-08
IPCX,1,62,2026-04-08
IPGP,1,72,2026-04-08
IPOD,1,49,2026-04-08
IPWR,1,64,2026-04-08
IREN,1,11,2026-04-08
IRHO,1,26,2026-04-08
IRHOR,1,33,2026-04-08
IRIX,1,162,2026-04-08
IRMD,1,40,2026-04-08
IRTC,1,20,2026-04-08
ISOU,1,5,2026-04-08
ISRG,1,82,2026-04-08
ISSC,1,150,2026-04-08
ISTR,1,179,2026-04-08
ITHAU,1,18,2026-04-08
ITRI,1,72,2026-04-08
ITT,1,56,2026-04-08
ITW,1,86,2026-04-08
IVR,1,39,2026-04-08
IVZ,1,115,2026-04-08
JACS,1,117,2026-04-08
JAKK,1,71,2026-04-08
JBDI,1,17,2026-04-08
JBLU,1,60,2026-04-08
JBTM,1,59,2026-04-08
JCI,1,73,2026-04-08
JD,1,161,2026-04-08
JEM,1,13,2026-04-08
JENA,1,62,2026-04-08
JLHL,1,13,2026-04-08
JLL,1,73,2026-04-08
JMSB,1,31,2026-04-08
JOBY,1,37,2026-04-08
JOE,1,39,2026-04-08
JPM,1,128,2026-04-08
JRSH,1,155,2026-04-08
JTAI,1,109,2026-04-08
JXN,1,22,2026-04-08
KALU,1,70,2026-04-08
KARO,1,59,2026-04-08
KBH,1,57,2026-04-08
KBON,1,34,2026-08-27
KBONU,1,40,2026-04-08
KCHV,1,78,2026-04-08
KE,1,29,2026-04-08
KEQU,1,562,2026-04-08
KEY,1,78,2026-04-08
KEYS,1,49,2026-04-08
KGC,1,103,2026-04-08
KKR,1,66,2026-04-08
KLAC,1,75,2026-04-08
KLAR,1,4,2026-04-08
KLIC,1,68,2026-04-08
KNF,1,12,2026-04-08
KNX,1,59,2026-04-08
KOYNU,1,31,2026-04-08
KRMD,1,19,2026-04-08
KRNT,1,31,2026-04-08
KRNY,1,29,2026-04-08
KSS,1,66,2026-04-08
KTB,1,33,2026-04-08
KTOS,1,79,2026-04-08
KTWOR,1,13,2026-08-27
KULR,1,36,2026-04-08
KYMR,1,19,2026-04-08
KYNB,1,26,2026-04-08
LAD,1,57,2026-04-08
LAES,1,16,2026-04-08
LAMR,1,59,2026-04-08
LARK,1,701,2026-04-08
LASR,1,24,2026-04-08
LCID,1,24,2026-04-08
LCII,1,50,2026-04-08
LCNB,1,163,2026-04-08
LCTX,1,63,2026-04-08
LDI,1,23,2026-04-08
LECO,1,63,2026-04-08
LEGH,1,30,2026-04-08
LEU,1,98,2026-04-08
LEVI,1,31,2026-04-08
LFMD,1,18,2026-04-08
LFST,1,15,2026-04-08
LFUS,1,59,2026-04-08
LGCL,1,13,2026-04-08
LGIH,1,45,2026-04-08
LGPS,1,39,2026-04-08
LIF,1,16,2026-04-08
LII,1,51,2026-04-08
LIND,1,114,2026-04-08
LINE,1,2,2026-04-08
LINK,1,126,2026-04-08
LIVN,1,20,2026-04-08
LKQ,1,51,2026-04-08
LLYVA,1,7,2026-04-08
LMAT,1,88,2026-04-08
LMB,1,38,2026-04-08
LMND,1,16,2026-04-08
LMNR,1,30,2026-04-08
LNC,1,107,2026-04-08
LNKB,1,17,2026-04-08
LOAR,1,8,2026-04-08
LOGI,1,462,2026-04-08
LPBB,1,94,2026-04-08
LPCV,1,27,2026-04-08
LPLA,1,60,2026-04-08
LPX,1,59,2026-04-08
LQDT,1,43,2026-04-08
LRCX,1,90,2026-04-08
LSCC,1,60,2026-04-08
LSPD,1,20,2026-04-08
LTBR,1,76,2026-04-08
LTH,1,15,2026-04-08
LUCK,1,41,2026-04-08
LULU,1,75,2026-04-08
LUMN,1,60,2026-04-08
LUV,1,75,2026-04-08
LVS,1,102,2026-04-08
LXP,1,43,2026-04-08
LYTS,1,48,2026-04-08
LYV,1,63,2026-04-08
LZB,1,75,2026-04-08
MAR,1,59,2026-04-08
MASS,1,8,2026-04-08
MAT,1,66,2026-04-08
MATV,1,54,2026-04-08
MATW,1,41,2026-04-08
MATX,1,70,2026-04-08
MAYS,1,608,2026-04-08
MBC,1,13,2026-04-08
MBLY,1,22,2026-04-08
MBOT,1,132,2026-04-08
MBUU,1,38,2026-04-08
MBWM,1,88,2026-04-08
MCBS,1,31,2026-04-08
MCFT,1,37,2026-04-08
MCGA,1,33,2026-04-08
MCHB,1,40,2026-04-08
MCHP,1,85,2026-04-08
MCHX,1,67,2026-04-08
MCO,1,70,2026-04-08
MCS,1,53,2026-04-08
MDAA,1,114,2026-04-08
MDB,1,42,2026-04-08
MDBH,1,92,2026-04-08
MEI,1,65,2026-04-08
MELI,1,68,2026-04-08
MERC,1,45,2026-08-27
MESH,1,34,2026-04-08
MESHU,1,34,2026-04-08
META,1,79,2026-04-08
MEVO,1,28,2026-08-27
MFC,1,85,2026-04-08
MFIN,1,49,2026-04-08
MGA,1,118,2026-04-08
MGIH,1,38,2026-04-08
MGNI,1,42,2026-04-08
MGRC,1,48,2026-04-08
MGRD,1,33,2026-04-08
MGX,1,9,2026-04-08
MH,1,5,2026-04-08
MHK,1,79,2026-04-08
MHLA,1,276,2026-08-27
MHO,1,54,2026-04-08
MICC,1,18,2026-04-08
MIDD,1,59,2026-04-08
MITK,1,37,2026-04-08
MITT,1,34,2026-04-08
MKLY,1,51,2026-04-08
MKSI,1,72,2026-04-08
MLACR,1,61,2026-04-08
MLI,1,56,2026-04-08
MLKN,1,55,2026-04-08
MLM,1,54,2026-04-08
MLP,1,210,2026-04-08
MLR,1,52,2026-04-08
MMI,1,36,2026-04-08
MMM,1,81,2026-04-08
MMSI,1,59,2026-04-08
MMYT,1,33,2026-04-08
MNRO,1,35,2026-04-08
MNSO,1,85,2026-04-08
MNST,1,41,2026-04-08
MNTN,1,6,2026-04-08
MP,1,46,2026-04-08
MPAA,1,63,2026-04-08
MPB,1,551,2026-04-08
MPWR,1,77,2026-04-08
MPX,1,114,2026-04-08
MRAM,1,32,2026-04-08
MRBK,1,161,2026-04-08
MRP,1,5,2026-04-08
MRTN,1,45,2026-04-08
MSFT,1,98,2026-04-08
MSTR,1,84,2026-04-08
MTA,1,20,2026-04-08
MTB,1,80,2026-04-08
MTD,1,73,2026-04-08
MTEX,1,412,2026-04-08
MTH,1,67,2026-04-08
MTRN,1,63,2026-04-08
MTSI,1,39,2026-04-08
MTW,1,84,2026-04-08
MTX,1,74,2026-04-08
MTZ,1,71,2026-04-08
MU,1,110,2026-04-08
MUX,1,78,2026-04-08
MVST,1,98,2026-04-08
MWA,1,74,2026-04-08
MXL,1,52,2026-04-08
MYE,1,45,2026-04-08
MYFW,1,94,2026-04-08
MYRG,1,50,2026-04-08
MYSZ,1,93,2026-04-08
NAGE,1,28,2026-04-08
NAII,1,284,2026-08-27
NAVN,1,4,2026-04-08
NB,1,14,2026-04-08
NBHC,1,47,2026-04-08
NBIS,1,78,2026-04-08
NBN,1,359,2026-04-08
NBTB,1,53,2026-04-08
NCLH,1,76,2026-04-08
NCMI,1,54,2026-04-08
NDAQ,1,58,2026-04-08
NDSN,1,68,2026-04-08
NEGG,1,158,2026-04-08
NEO,1,33,2026-04-08
NEOG,1,39,2026-04-08
NESR,1,9,2026-04-08
NEWT,1,145,2026-04-08
NEWTI,1,152,2026-04-08
NGVT,1,34,2026-04-08
NHIC,1,61,2026-04-08
NKE,1,100,2026-04-08
NKSH,1,222,2026-04-08
NKTX,1,9,2026-04-08
NLY,1,51,2026-04-08
NMRK,1,25,2026-04-08
NNE,1,6,2026-04-08
NNVC,1,93,2026-04-08
NOEM,1,83,2026-04-08
NOVT,1,27,2026-04-08
NOVTU,1,46,2026-04-08
NPACU,1,46,2026-04-08
NPK,1,43,2026-04-08
NPKI,1,41,2026-04-08
NPO,1,67,2026-04-08
NPWR,1,74,2026-04-08
NRDS,1,13,2026-04-08
NRG,1,53,2026-04-08
NRIM,1,123,2026-04-08
NRUC,1,45,2026-04-08
NSIT,1,54,2026-04-08
NSSC,1,101,2026-04-08
NSTS,1,193,2026-04-08
NSYS,1,629,2026-08-27
NTB,1,39,2026-04-08
NTCT,1,62,2026-04-08
NUE,1,70,2026-04-08
NUVB,1,16,2026-04-08
NUVL,1,10,2026-04-08
NVAX,1,98,2026-04-08
NVCR,1,35,2026-04-08
NVEC,1,75,2026-04-08
NVMI,1,227,2026-04-08
NVO,1,653,2026-04-08
NVR,1,36,2026-04-08
NVST,1,21,2026-04-08
NVTS,1,25,2026-04-08
NWL,1,69,2026-04-08
NWPX,1,45,2026-04-08
NXDR,1,19,2026-04-08
NXE,1,85,2026-04-08
NXL,1,35,2026-08-27
NXPI,1,81,2026-04-08
NXRT,1,26,2026-04-08
NXT,1,21,2026-04-08
NXTS,1,64,2026-04-08
OBAI,1,6,2026-08-27
OBK,1,23,2026-04-08
OCFC,1,58,2026-04-08
ODV,1,31,2026-04-08
OFIX,1,52,2026-04-08
OFLX,1,184,2026-04-08
OIMAU,1,17,2026-04-08
OKLO,1,117,2026-04-08
OLED,1,716,2026-04-08
OLMA,1,11,2026-04-08
OMCL,1,50,2026-04-08
OMEX,1,75,2026-04-08
ON,1,83,2026-04-08
ONB,1,49,2026-04-08
ONCH,1,46,2026-04-08
ONON,1,23,2026-04-08
ONTO,1,60,2026-04-08
OPEN,1,30,2026-04-08
OPFI,1,27,2026-04-08
OPLN,1,64,2026-04-08
OPY,1,41,2026-04-08
ORCL,1,96,2026-04-08
ORLA,1,22,2026-04-08
ORN,1,54,2026-04-08
ORRF,1,119,2026-04-08
OSK,1,74,2026-04-08
OSW,1,20,2026-04-08
OTEX,1,58,2026-04-08
OTGAU,1,39,2026-08-27
OUST,1,24,2026-04-08
OVBC,1,684,2026-04-08
OVLY,1,513,2026-04-08
OXSQG,1,263,2026-04-08
PAAS,1,85,2026-04-08
PACB,1,28,2026-04-08
PACS,1,8,2026-04-08
PAGS,1,24,2026-04-08
PAL,1,5,2026-04-08
PANW,1,72,2026-08-27
PATK,1,190,2026-04-08
PAVM,1,77,2026-04-08
PAX,1,15,2026-04-08
PAXS,1,13,2026-04-08
PAYO,1,36,2026-04-08
PBI,1,48,2026-04-08
PBM,1,111,2026-04-08
PCYO,1,81,2026-04-08
PDFS,1,55,2026-04-08
PDM,1,34,2026-04-08
PEBK,1,575,2026-04-08
PENG,1,40,2026-04-08
PETZ,1,122,2026-04-08
PFAI,1,32,2026-08-27
PFGC,1,37,2026-04-08
PFH,1,21,2026-04-08
PFSI,1,29,2026-04-08
PGY,1,47,2026-04-08
PHAR,1,301,2026-04-08
PHIN,1,17,2026-04-08
PHM,1,58,2026-04-08
PI,1,34,2026-04-08
PIPR,1,77,2026-04-08
PJT,1,38,2026-04-08
PKBK,1,352,2026-04-08
PKE,1,38,2026-04-08
PKG,1,68,2026-04-08
PKOH,1,55,2026-04-08
PLAB,1,60,2026-04-08
PLBC,1,631,2026-04-08
PLCE,1,63,2026-04-08
PLD,1,56,2026-04-08
PLG,1,113,2026-04-08
PLMK,1,85,2026-04-08
PLOW,1,51,2026-04-08
PLPC,1,198,2026-04-08
PLUG,1,101,2026-04-08
PLUS,1,68,2026-04-08
PLXS,1,64,2026-04-08
PNC,1,79,2026-04-08
PNFP,1,164,2026-04-08
PNNT,1,54,2026-04-08
POLE,1,90,2026-04-08
POOL,1,46,2026-04-08
POWI,1,46,2026-04-08
POWL,1,57,2026-04-08
PPG,1,89,2026-04-08
PPSI,1,284,2026-04-08
PPTA,1,32,2026-04-08
PRAA,1,52,2026-04-08
PRAX,1,16,2026-04-08
PRIM,1,64,2026-04-08
PRKS,1,48,2026-04-08
PRLB,1,45,2026-04-08
PRME,1,6,2026-04-08
PROV,1,219,2026-04-08
PRSU,1,63,2026-04-08
PRTH,1,126,2026-04-08
PSFE,1,30,2026-04-08
PSIX,1,8,2026-04-08
PSMT,1,44,2026-04-08
PSNL,1,15,2026-04-08
PSTG,1,67,2026-04-08
PTHS,1,57,2026-04-08
PTRN,1,3,2026-04-08
PUBM,1,26,2026-04-08
PWP,1,17,2026-04-08
PXED,1,2,2026-04-08
PZG,1,106,2026-04-08
QBTS,1,36,2026-04-08
QCOM,1,105,2026-04-08
QCRH,1,209,2026-04-08
QDEL,1,57,2026-04-08
QGEN,1,275,2026-04-08
QNCX,1,21,2026-04-08
QRVO,1,38,2026-04-08
QS,1,30,2026-04-08
QSI,1,28,2026-04-08
QUAD,1,24,2026-04-08
QUBT,1,20,2026-04-08
QUMSR,1,31,2026-04-08
QXO,1,165,2026-04-08
RAAQ,1,28,2026-04-08
RACE,1,293,2026-04-08
RAND,1,822,2026-04-08
RANG,1,96,2026-08-27
RBB,1,29,2026-04-08
RBBN,1,63,2026-04-08
RBCAA,1,88,2026-04-08
RBKB,1,279,2026-04-08
RBOT,1,243,2026-04-08
RCEL,1,35,2026-04-08
RCKY,1,86,2026-04-08
RCL,1,108,2026-04-08
RDAG,1,64,2026-04-08
RDDT,1,18,2026-04-08
RDNT,1,35,2026-04-08
RDNW,1,27,2026-04-08
RDVT,1,30,2026-04-08
RDZN,1,94,2026-04-08
REAL,1,14,2026-04-08
REAX,1,21,2026-04-08
REKR,1,41,2026-04-08
RELL,1,93,2026-04-08
RERE,1,20,2026-04-08
REXR,1,29,2026-04-08
REZI,1,28,2026-04-08
RFAI,1,130,2026-04-08
RGA,1,86,2026-04-08
RGCO,1,524,2026-04-08
RGEN,1,53,2026-04-08
RGLD,1,50,2026-04-08
RGTI,1,38,2026-04-08
RHP,1,51,2026-04-08
RHRX,1,357,2026-04-08
RIME,1,43,2026-04-08
RIOT,1,107,2026-04-08
RITM,1,40,2026-04-08
RKDA,1,73,2026-04-08
RKLB,1,35,2026-04-08
RKT,1,32,2026-04-08
RLJ,1,34,2026-04-08
RLTY,1,24,2026-04-08
RMAX,1,36,2026-04-08
RMBI,1,105,2026-04-08
RMBS,1,75,2026-04-08
RMD,1,115,2026-04-08
RNST,1,57,2026-04-08
ROAD,1,23,2026-04-08
ROCK,1,51,2026-04-08
ROG,1,68,2026-04-08
ROKU,1,37,2026-04-08
ROMA,1,34,2026-08-27
ROOT,1,13,2026-04-08
RPC,1,21,2026-04-08
RPM,1,70,2026-04-08
RR,1,9,2026-04-08
RRBI,1,161,2026-04-08
RRR,1,28,2026-04-08
RRX,1,86,2026-04-08
RSI,1,55,2026-04-08
RSSS,1,72,2026-04-08
RTO,1,80,2026-04-08
RUBI,1,10,2026-04-08
RUM,1,40,2026-04-08
RUN,1,45,2026-04-08
RUSHA,1,51,2026-04-08
RVLV,1,24,2026-04-08
RVTY,1,69,2026-04-08
RWT,1,56,2026-04-08
RWTN,1,106,2026-04-08
RXO,1,12,2026-04-08
RXRX,1,9,2026-04-08
RYAM,1,32,2026-04-08
RYZ,1,20,2026-04-08
SAAQU,1,32,2026-08-27
SAIH,1,113,2026-04-08
SAIL,1,4,2026-08-27
SANM,1,73,2026-04-08
SARO,1,8,2026-04-08
SBCF,1,62,2026-04-08
SBET,1,89,2026-04-08
SBH,1,51,2026-04-08
SBXE,1,25,2026-08-27
SCCF,1,208,2026-04-08
SCCG,1,155,2026-04-08
SCCO,1,399,2026-04-08
SCSC,1,50,2026-04-08
SDGR,1,18,2026-04-08
SDHIR,1,28,2026-04-08
SE,1,49,2026-04-08
SEIC,1,66,2026-04-08
SEMR,1,36,2026-04-08
SERV,1,8,2026-04-08
SEVN,1,68,2026-04-08
SEZL,1,15,2026-04-08
SFBC,1,608,2026-04-08
SFBS,1,45,2026-04-08
SFNC,1,35,2026-04-08
SFWL,1,74,2026-04-08
SGC,1,164,2026-04-08
SGHC,1,23,2026-04-08
SGLY,1,238,2026-04-08
SGRP,1,516,2026-04-08
SHAK,1,43,2026-04-08
SHBI,1,146,2026-04-08
SHC,1,18,2026-04-08
SHLS,1,19,2026-04-08
SHOO,1,60,2026-04-08
SHOP,1,42,2026-04-08
SHW,1,60,2026-04-08
SIBN,1,17,2026-04-08
SILA,1,8,2026-04-08
SIMA,1,121,2026-08-27
SINT,1,85,2026-04-08
SITE,1,32,2026-04-08
SITM,1,36,2026-04-08
SKE,1,23,2026-04-08
SKYT,1,19,2026-04-08
SKYW,1,67,2026-04-08
SKYX,1,4,2026-04-08
SLDP,1,28,2026-04-08
SLGN,1,68,2026-04-08
SLP,1,79,2026-04-08
SLSR,1,22,2026-04-08
SLXN,1,21,2026-04-08
SMBK,1,83,2026-04-08
SMTK,1,20,2026-04-08
SNCY,1,19,2026-04-08
SNDK,1,14,2026-04-08
SNDR,1,38,2026-04-08
SNOA,1,108,2026-04-08
SNPS,1,59,2026-04-08
SNTG,1,53,2026-04-08
SOCAU,1,22,2026-04-08
SOFI,1,32,2026-04-08
SOJC,1,39,2026-04-08
SOJD,1,19,2026-04-08
SOJE,1,14,2026-04-08
SONO,1,34,2026-04-08
SORA,1,14,2026-04-08
SORNU,1,17,2026-04-08
SOUN,1,13,2026-04-08
SPCE,1,49,2026-04-08
SPEG,1,61,2026-04-08
SPFI,1,41,2026-04-08
SPHR,1,20,2026-04-08
SPXC,1,84,2026-04-08
SPY,1,111,2026-04-08
SREA,1,16,2026-04-08
SRFM,1,21,2026-04-08
SRI,1,58,2026-04-08
SSD,1,51,2026-04-08
SSEA,1,48,2026-04-08
SSNC,1,54,2026-04-08
SSRM,1,58,2026-04-08
SSYS,1,58,2026-04-08
STBA,1,46,2026-04-08
STEM,1,17,2026-04-08
STEP,1,21,2026-04-08
STHO,1,25,2026-04-08
STLA,1,403,2026-04-08
STLD,1,60,2026-04-08
STM,1,609,2026-04-08
STNE,1,21,2026-04-08
STRL,1,56,2026-04-08
STRS,1,344,2026-04-08
STVN,1,10,2026-04-08
STX,1,79,2026-04-08
SUGP,1,38,2026-04-08
SUIG,1,110,2026-04-08
SUNB,1,2,2026-04-08
SUZ,1,70,2026-04-08
SVACU,1,34,2026-04-08
SVCCU,1,31,2026-04-08
SVM,1,41,2026-04-08
SVV,1,4,2026-04-08
SWIM,1,12,2026-04-08
SWVL,1,80,2026-04-08
SXI,1,55,2026-04-08
SYBT,1,57,2026-04-08
SYF,1,45,2026-04-08
SYM,1,39,2026-04-08
SYNA,1,69,2026-04-08
SZZL,1,53,2026-04-08
TACO,1,27,2026-04-08
TATT,1,683,2026-04-08
TAVIR,1,58,2026-04-08
TAVIU,1,32,2026-04-08
TBBK,1,45,2026-04-08
TCBK,1,49,2026-04-08
TCRX,1,27,2026-04-08
TDG,1,71,2026-04-08
TDOC,1,33,2026-04-08
TDUP,1,12,2026-04-08
TDY,1,61,2026-04-08
TECB,1,199,2026-04-08
TECK,1,145,2026-04-08
TEM,1,5,2026-04-08
TER,1,93,2026-04-08
TEST,1,62,2026-08-27
TFC,1,84,2026-04-08
TFII,1,24,2026-04-08
TFIN,1,34,2026-04-08
TFPM,1,23,2026-04-08
TFSL,1,29,2026-04-08
TGB,1,108,2026-04-08
TGHL,1,10,2026-04-08
TGLS,1,123,2026-04-08
THFF,1,42,2026-04-08
THRM,1,45,2026-04-08
TILE,1,136,2026-04-08
TKR,1,85,2026-04-08
TLN,1,14,2026-04-08
TLNCU,1,37,2026-04-08
TMC,1,41,2026-04-08
TMDX,1,22,2026-04-08
TMHC,1,46,2026-04-08
TMO,1,98,2026-04-08
TMP,1,85,2026-04-08
TNDM,1,38,2026-04-08
TOL,1,69,2026-04-08
TOST,1,24,2026-04-08
TOWN,1,44,2026-04-08
TPG,1,14,2026-04-08
TPR,1,94,2026-04-08
TREE,1,45,2026-04-08
TREX,1,66,2026-04-08
TRMB,1,63,2026-04-08
TRMK,1,49,2026-04-08
TRNO,1,39,2026-04-08
TRNS,1,281,2026-04-08
TROW,1,74,2026-04-08
TRS,1,55,2026-04-08
TRSG,1,50,2026-08-27
TRTX,1,28,2026-04-08
TSBK,1,285,2026-04-08
TSEM,1,258,2026-04-08
TSLA,1,96,2026-04-08
TSLX,1,36,2026-04-08
TSM,1,293,2026-04-08
TTAM,1,6,2026-04-08
TTC,1,51,2026-04-08
TTMI,1,74,2026-04-08
TWLV,1,27,2026-04-08
TXN,1,98,2026-04-08
TXRH,1,60,2026-04-08
TXT,1,80,2026-04-08
U,1,21,2026-04-08
UAA,1,67,2026-04-08
UAL,1,74,2026-04-08
UAMY,1,72,2026-04-08
UBER,1,38,2026-04-08
UBSI,1,41,2026-04-08
UCAR,1,34,2026-04-08
UCB,1,57,2026-04-08
UCRD,1,526,2026-04-08
UFPI,1,52,2026-04-08
UFPT,1,79,2026-04-08
UIS,1,62,2026-04-08
ULCC,1,16,2026-04-08
UMBF,1,56,2026-04-08
UNB,1,764,2026-04-08
UNP,1,76,2026-04-08
UNTY,1,289,2026-04-08
UPBD,1,59,2026-04-08
UPC,1,58,2026-04-08
UPST,1,18,2026-04-08
UPWK,1,22,2026-04-08
URBN,1,78,2026-04-08
URGN,1,18,2026-04-08
URI,1,79,2026-04-08
UROY,1,14,2026-04-08
USAR,1,124,2026-04-08
USAS,1,65,2026-04-08
USB,1,91,2026-04-08
USCB,1,55,2026-04-08
USGO,1,54,2026-04-08
USLM,1,320,2026-04-08
USNA,1,56,2026-04-08
USPH,1,34,2026-04-08
UTSI,1,234,2026-08-27
UUUU,1,37,2026-04-08
UVSP,1,55,2026-04-08
VABK,1,123,2026-04-08
VACH,1,101,2026-04-08
VALE,1,238,2026-04-08
VBNK,1,64,2026-04-08
VBTC,1,89,2026-04-08
VC,1,61,2026-04-08
VCTR,1,25,2026-04-08
VCYT,1,33,2026-04-08
VECO,1,67,2026-04-08
VEEV,1,43,2026-08-27
VFC,1,66,2026-04-08
VGZ,1,104,2026-04-08
VHCP,1,25,2026-08-27
VHCPU,1,19,2026-04-08
VICR,1,45,2026-04-08
VISN,1,46,2026-08-27
VLN,1,48,2026-04-08
VLRS,1,24,2026-04-08
VLY,1,60,2026-04-08
VMC,1,59,2026-04-08
VMI,1,67,2026-04-08
VNT,1,30,2026-04-08
VOXR,1,27,2026-04-08
VPG,1,56,2026-04-08
VRAX,1,36,2026-04-08
VREX,1,22,2026-04-08
VRME,1,82,2026-04-08
VRRM,1,77,2026-04-08
VRTS,1,64,2026-04-08
VSEC,1,67,2026-04-08
VSECU,1,37,2026-04-08
VSH,1,68,2026-04-08
VSME,1,24,2026-04-08
VTRS,1,65,2026-04-08
VVV,1,42,2026-04-08
VYX,1,67,2026-04-08
VZLA,1,51,2026-04-08
WABC,1,35,2026-04-08
WAFD,1,49,2026-04-08
WAY,1,9,2026-04-08
WB,1,76,2026-04-08
WBS,1,80,2026-04-08
WBTN,1,6,2026-04-08
WCC,1,73,2026-04-08
WDC,1,117,2026-04-08
WDH,1,41,2026-04-08
WENN,1,46,2026-04-08
WERN,1,70,2026-04-08
WEYS,1,98,2026-04-08
WFC,1,110,2026-04-08
WFCF,1,190,2026-04-08
WFG,1,5,2026-04-08
WGO,1,54,2026-04-08
WGS,1,21,2026-04-08
WHLRP,1,370,2026-08-27
WHR,1,58,2026-04-08
WILC,1,572,2026-04-08
WLDN,1,212,2026-04-08
WLFC,1,165,2026-04-08
WLYB,1,856,2026-08-27
WMS,1,40,2026-04-08
WNC,1,45,2026-04-08
WNEB,1,73,2026-04-08
WPAC,1,23,2026-04-08
WPM,1,94,2026-04-08
WRBY,1,14,2026-04-08
WRD,1,10,2026-04-08
WSBC,1,48,2026-04-08
WSC,1,89,2026-04-08
WSO,1,54,2026-04-08
WSTN,1,20,2026-04-08
WTFC,1,54,2026-04-08
WTS,1,81,2026-04-08
WWD,1,74,2026-04-08
WWR,1,57,2026-04-08
WWW,1,75,2026-04-08
WYFI,1,7,2026-04-08
WYNN,1,109,2026-04-08
XBIT,1,32,2026-04-08
XCBE,1,26,2026-04-08
XDEF,1,36,2026-04-08
XHR,1,32,2026-04-08
XMTR,1,15,2026-04-08
XP,1,19,2026-04-08
XPEL,1,19,2026-04-08
XRAY,1,51,2026-04-08
XYL,1,64,2026-04-08
XZO,1,4,2026-04-08
YETI,1,27,2026-04-08
YHNA,1,83,2026-04-08
YHNAU,1,38,2026-08-27
YMM,1,35,2026-04-08
YTRA,1,48,2026-04-08
YUMC,1,88,2026-04-08
Z,1,36,2026-04-08
ZBAI,1,154,2026-04-08
ZBRA,1,67,2026-04-08
ZCMD,1,99,2026-04-08
ZDGE,1,121,2026-04-08
ZG,1,44,2026-04-08
ZGM,1,17,2026-04-08
ZGN,1,53,2026-04-08
ZION,1,70,2026-04-08
ZJK,1,16,2026-04-08
ZKIN,1,75,2026-04-08
ZLAB,1,87,2026-08-27
ZS,1,33,2026-08-27
ZUMZ,1,79,2026-04-08
ZVIA,1,10,2026-04-08
ZWS,1,61,2026-04-08
